Tokyo Yokohama,Japan
New York Metro,USA
Sao Paulo,Brazil
Seoul Incheon,South Korea
Mexico City,Mexico
Osaka Kobe Kyoto,Japan
Manila,Philippines
Mumbai,India
Delhi,India
Jakarta,Indonesia
Lagos,Nigeria
Kolkata,India
Cairo,Egypt
Los Angeles,USA
Buenos Aires,Argentina
Rio de Janeiro,Brazil
Moscow,Russia
Shanghai,China
Karachi,Pakistan
Paris,France
Istanbul,Turkey
Nagoya,Japan
Beijing,China
Chicago,USA
London,UK
Shenzhen,China
Essen Dusseldorf,Germany
Tehran,Iran
Bogota,Colombia
Lima,Peru
Bangkok,Thailand
Johannesburg,South Africa
Chennai,India
Taipei,Taiwan
Baghdad,Iraq
Santiago,Chile
Bangalore,India
Hyderabad,India
St Petersburg,Russia
Philadelphia,USA
Lahore,Pakistan
Kinshasa,Congo
Miami,USA
Ho Chi Minh City,Vietnam
Madrid,Spain
Tianjin,China
Kuala Lumpur,Malaysia
Toronto,Canada
Milan,Italy
Shenyang,China
Dallas Fort Worth,USA
Boston,USA
Belo Horizonte,Brazil
Khartoum,Sudan
Riyadh,Saudi Arabia
Singapore,Singapore
Washington,USA
Detroit,USA
Barcelona,Spain
Houston,USA
Athens,Greece
Berlin,Germany
Sydney,Australia
Atlanta,USA
Guadalajara,Mexico
San Francisco ,USA
Montreal ,Canada
Monterey,Mexico
Melbourne,Australia
Ankara,Turkey
Recife,Brazil
Phoenix Mesa,USA
Durban,South Africa
Porto Alegre,Brazil
Dalian,China
Jeddah,Saudi Arabia
Seattle,USA
Cape Town,South Africa
San Diego,USA
Fortaleza,Brazil
Curitiba,Brazil
Rome,Italy
Naples,Italy
Minneapolis ,USA
Tel Aviv,Israel
Birmingham,UK
Frankfurt,Germany
Lisbon,Portugal
Manchester,UK
San Juan,Puerto Rico
Katowice,Poland
Tashkent,Uzbekistan
Fukuoka,Japan
Baku ,Azerbaijan
St. Louis,USA
Baltimore,USA
Sapporo,Japan
Tampa Florida,USA
Taichung,Taiwan
Warsaw,Poland
Denver,USA
Cologne ,Germany
Hamburg,Germany
Dubai,UAE
Pretoria,South Africa
Vancouver,Canada
Beirut,Lebanon
Budapest,Hungary
Cleveland,USA
Pittsburgh,USA
Campinas,Brazil
Harare,Zimbabwe
Brasilia,Brazil
Kuwait,Kuwait
Munich,Germany
Portland,USA
Brussels,Belgium
Vienna,Austria
San Jose,USA
Dammam ,Saudi Arabia
Copenhagen,Denmark
Brisbane,Australia
Riverside CA,USA
Cincinnati,USA
Accra,Ghana
Nizhni Novgorod,Russia
Phnom Penh,Cambodia
Quito,Ecuador
Leeds Bradford,UK
Goiania,Brazil
Donetsk,Ukraine
Stockholm,Sweden
Virginia Beach,USA
Sacramento,USA
Kansas City,USA
Marseille,France
Turin,Italy
Lyon,France
San Antonio,USA
Rotterdam,Netherlands
Las Vegas,USA
Milwaukee,USA
Stuttgart,Germany
Indianapolis,USA
Glasgow,UK
Lubumbashi,Congo
Perth,Australia
Providence,USA
Orlando,USA
Columbus,USA
Dublin,Ireland
Auckland,New Zealand
Lille,France
Porto,Portugal
New Orleans,USA
Adelaide,Australia
Helsinki,Finland
Buffalo,USA
Memphis,USA
Antwerp,Belgium
Austin,USA
Port Elizabeth,South Africa
Bridgeport ,USA
Nice,France
Salt Lake City,USA
Jacksonville,USA
Calgary,Canada
Louisville,USA
Hartford,USA
Ottawa Hull,Canada
Richmond,USA
Edmonton,Canada
Toulouse,France
Charlotte,USA
Bordeaux,France
Nashville,USA
Oklahoma City,USA
Tucson,USA
Honolulu,USA
Dayton,USA
Rochester,USA
El Paso,USA
Birmingham,USA
Quebec,Canada
Omaha,USA
Winnipeg,Canada
Vereeniging,South Africa
Albuquerque,USA
Aachen,Germany
Allentown Bethlehem,USA
Springfield,USA
Akron,USA
Albany,USA
Sarasota Bradenton,USA
Tulsa,USA
Concord,USA
Abu Dhabi,UAE
Nantes,France
Raleigh,USA
Grand Rapids,USA
New Haven,USA
McAllen,USA
Toulon,France
Douai Lens,France
Toledo,USA
Baton Rouge,USA
Colorado Springs,USA
Worcester,USA
Charleston,USA
Gold Coast,Australia
Wichita,USA
Columbia,USA
Knoxville,USA
Ogden,USA
Youngstown,USA
Syracuse,USA
Palm Bay,USA
Scranton,USA
Flint,USA
Harrisburg,USA
Little Rock,USA
Valenciennes,France
Poughkeepsie,USA
Chattanooga,USA
Augusta,USA
Spokane,USA
Cape Coral,USA
Lancaster,USA
Pensacola,USA
Mobile,USA
Greenville,USA
St Catharines,Canada
Aguadilla,Puerto Rico
Winston Salem,USA
Tours,France
Jackson,USA
Durham,USA
Fayetteville,USA
South Bend,USA
Shreveport,USA
Port St Lucie,USA
Canton,USA
Bethune,France
Avignon,France
Barnstable Town,USA
Asheville,USA
Bonita Springs Naples,USA
Huntsville,USA
Hickory,USA
Pau,France
